<potion>	
	<lvl>0</lvl>
	<name>Very Cheap Health</name>
	<amount>5</amount>
	<perturn>3</perturn>
	<sprite>0</sprite>
</potion>
<potion>	
	<lvl>0</lvl>
	<name>Cheap Health</name>
	<amount>10</amount>
	<perturn>3</perturn>
	<sprite>1</sprite>
</potion>
<potion>	
	<lvl>1</lvl>
	<name>Health</name>
	<amount>15</amount>
	<perturn>3</perturn>
	<sprite>2</sprite>
</potion>
<potion>	
	<lvl>1</lvl>
	<name>Health+</name>
	<amount>20</amount>
	<perturn>3</perturn>
	<sprite>3</sprite>
</potion>
<armor>
	<lvl>0</lvl>
	<name>Cloth Armor</name>
	<amount>4</amount>
	<sprite>0</sprite>
</armor>
<armor>
	<lvl>0</lvl>
	<name>Premium Cloth Armor</name>
	<amount>8</amount>
	<sprite>1</sprite>
</armor>
<armor>
	<lvl>0</lvl>
	<name>Armor</name>
	<amount>12</amount>
	<sprite>3</sprite>
</armor>
<armor>
	<lvl>1</lvl>
	<name>leather Armor</name>
	<amount>14</amount>
	<sprite>4</sprite>
</armor>
<armor>
	<lvl>1</lvl>
	<name>Iron Armor</name>
	<amount>20</amount>
	<sprite>5</sprite>
</armor>
<weapon>
	<lvl>0</lvl>
	<name>Broken Sword</name>
	<amount>3</amount>
	<sprite>0</sprite>
</weapon>
<weapon>
	<lvl>0</lvl>
	<name>Damaged Sword</name>
	<amount>5</amount>
	<sprite>1</sprite>
</weapon>
<weapon>
	<lvl>0</lvl>
	<name>Sword</name>
	<amount>6</amount>
	<sprite>2</sprite>
</weapon>
<weapon>
	<lvl>1</lvl>
	<name>Bronze Sword</name>
	<amount>7</amount>
	<sprite>3</sprite>
</weapon>
<weapon>
	<lvl>1</lvl>
	<name>Gold Sword</name>
	<amount>8</amount>
	<sprite>4</sprite>
</weapon>
<weapon>
	<lvl>1</lvl>
	<name>Iron Sword</name>
	<amount>9</amount>
	<sprite>5</sprite>
</weapon>